{"loss_train": [0.026131256675595713, 0.02609456011227199, 0.02604399175174376, 0.02598410070009171, 0.025925841750782046, 0.025848556436384316, 0.025770145547963575, 0.025672718098874146, 0.025570725047379367, 0.02546352357039119, 0.025328498907562336, 0.02520537109616887, 0.025083749930567813, 0.02495247091165633, 0.024831138920846246, 0.024711074012288937, 0.024600976329826232, 0.024500070323876504, 0.024390047586306578, 0.02429995243116263, 0.024211393079398416, 0.024136878636202588, 0.02406624243002425, 0.023983918711215156, 0.02391230949978471, 0.02385820129921702, 0.02378931933932676, 0.023739141176903882, 0.02367912845929938, 0.023639571195393966, 0.023584588511761158, 0.023541611817646985, 0.02349837732955352, 0.023465112390824105, 0.023430139070924918, 0.023402075988060947, 0.023357637812956994, 0.023325401304462694, 0.023288283573518444, 0.02326928587690835, 0.023254616731407482, 0.02321662131595505, 0.02319762499774405, 0.023162166181227822, 0.023151224560365887, 0.023133594057800966, 0.023110655129111465, 0.023084019478556383, 0.023070295603583882, 0.02304581568028579, 0.023048638608285803], "acc_train": [0.0006527415143603133, 0.0008392390898918314, 0.006154419992540097, 0.013427825438269302, 0.013987318164863857, 0.040563222678105186, 0.06415516598284222, 0.08839985080193957, 0.11105930622901902, 0.13810145468108914, 0.15330100708690786, 0.17484147706079822, 0.19255874673629242, 0.2067325624766878, 0.2242633345766505, 0.2381574039537486, 0.23209623274897426, 0.2508392390898918, 0.25139873181648636, 0.2547556881760537, 0.26361432301380083, 0.26454681089145843, 0.2607236105930623, 0.2734054457292055, 0.2738716896680343, 0.278254382693025, 0.28086534875046626, 0.28245057814248414, 0.28748601268183516, 0.28067885117493474, 0.28562103692651997, 0.2830100708690787, 0.2876725102573667, 0.301846325997762, 0.2978366281238344, 0.29289444237224915, 0.2926146960089519, 0.2994218575158523, 0.2969041402461768, 0.30156657963446476, 0.2994218575158523, 0.301846325997762, 0.3056695262961581, 0.3066020141738157, 0.3037113017530772, 0.30333830660201416, 0.30585602387168964, 0.3083737411413652, 0.3016598284222305, 0.3074412532637076, 0.30604252144722116], "loss_test": [1.6903316936605022, 1.6865808565410418, 1.683025579508566, 1.6800395331394762, 1.6747725564426579, 1.6697493360184703, 1.6644407459710646, 1.657751602249722, 1.650837715687019, 1.6435355595637529, 1.636349329720216, 1.6281582370312848, 1.6202667422098438, 1.61292801976304, 1.6050312032627518, 1.5978457581386358, 1.5923033457258786, 1.5852202840656118, 1.5791502775613446, 1.5760085108298199, 1.568483106035029, 1.562619903526018, 1.5571687852105205, 1.5526056073474643, 1.5486014235630243, 1.5445777619215344, 1.540841931359894, 1.5374024420801478, 1.533844369684919, 1.5305476408861547, 1.5274283235359352, 1.5255274384288002, 1.5227261198157527, 1.5208061404032032, 1.5179018089493015, 1.516810712646177, 1.5143928063406251, 1.5114448973353825, 1.5096686000487667, 1.511284523907076, 1.5058465568484827, 1.5050325449728146, 1.503032171055612, 1.501594096647402, 1.499962665772458, 1.4987097659299196, 1.4977882226708554, 1.4992538887747788, 1.4965026568805941, 1.4949206208902481, 1.4939078251720976], "acc_test": [0.0, 0.0, 0.01595298068849706, 0.010495382031905962, 0.0436607892527288, 0.06339210747271201, 0.0764063811922754, 0.08858102434928632, 0.12636439966414778, 0.10663308144416457, 0.13266162888329136, 0.19269521410579346, 0.1801007556675063, 0.20822837951301426, 0.23509655751469352, 0.22040302267002518, 0.25398824517212426, 0.23425692695214106, 0.26238455079764905, 0.21200671704450041, 0.27246011754827876, 0.2791771620486986, 0.2804366078925273, 0.2691015952980689, 0.2586062132661629, 0.2875734676742233, 0.28295549958018473, 0.2619647355163728, 0.2770780856423174, 0.2867338371116709, 0.2774979009235936, 0.2989084802686818, 0.30142737195633923, 0.2762384550797649, 0.2804366078925273, 0.2766582703610411, 0.31066330814441645, 0.28337531486146095, 0.29009235936188077, 0.2753988245172124, 0.28253568429890846, 0.28547439126784213, 0.28085642317380355, 0.290512174643157, 0.2955499580184719, 0.2968094038623006, 0.2926112510495382, 0.3131821998320739, 0.2938706968933669, 0.2850545759865659, 0.3157010915197313]}